"data__id","data__name","data__symbol","data__website_slug","metadata__timestamp","metadata__num_cryptocurrencies","metadata__error"
"1","Bitcoin","BTC","bitcoin","1528280218","1644","null"
"2","Litecoin","LTC","litecoin","","",""
"3","Namecoin","NMC","namecoin","","",""
"4","Terracoin","TRC","terracoin","","",""
"5","Peercoin","PPC","peercoin","","",""
"6","Novacoin","NVC","novacoin","","",""
"8","Feathercoin","FTC","feathercoin","","",""
"9","Mincoin","MNC","mincoin","","",""
"10","Freicoin","FRC","freicoin","","",""
"13","Ixcoin","IXC","ixcoin","","",""
"14","BitBar","BTB","bitbar","","",""
"16","WorldCoin","WDC","worldcoin","","",""
"18","Digitalcoin","DGC","digitalcoin","","",""
"25","GoldCoin","GLD","goldcoin","","",""
"31","Argentum","ARG","argentum","","",""
"32","Fastcoin","FST","fastcoin","","",""
"34","Bitgem","BTG","bitgem","","",""
"35","Phoenixcoin","PXC","phoenixcoin","","",""
"37","Megacoin","MEC","megacoin","","",""
"41","Infinitecoin","IFC","infinitecoin","","",""
"42","Primecoin","XPM","primecoin","","",""
"43","Anoncoin","ANC","anoncoin","","",""
"45","CasinoCoin","CSC","casinocoin","","",""
"49","Bullion","CBX","bullion","","",""
"50","Emerald Crypto","EMD","emerald","","",""
"51","GlobalCoin","GLC","globalcoin","","",""
"52","Ripple","XRP","ripple","","",""
"53","Quark","QRK","quark","","",""
"56","Zetacoin","ZET","zetacoin","","",""
"57","SecureCoin","SRC","securecoin","","",""
"58","Sexcoin","SXC","sexcoin","","",""
"61","TagCoin","TAG","tagcoin","","",""
"63","I0Coin","I0C","i0coin","","",""
"64","FlorinCoin","FLO","florincoin","","",""
"66","Nxt","NXT","nxt","","",""
"67","Unobtanium","UNO","unobtanium","","",""
"68","Joulecoin","XJO","joulecoin","","",""
"69","Datacoin","DTC","datacoin","","",""
"70","BetaCoin","BET","betacoin","","",""
"71","GrandCoin","GDC","grandcoin","","",""
"72","Deutsche eMark","DEM","deutsche-emark","","",""
"74","Dogecoin","DOGE","dogecoin","","",""
"75","NetCoin","NET","netcoin","","",""
"76","Philosopher Stones","PHS","philosopher-stones","","",""
"77","Diamond","DMD","diamond","","",""
"78","HoboNickels","HBN","hobonickels","","",""
"79","Tigercoin","TGC","tigercoin","","",""
"80","Orbitcoin","ORB","orbitcoin","","",""
"83","Omni","OMNI","omni","","",""
"84","Catcoin","CAT","catcoin","","",""
"87","FedoraCoin","TIPS","fedoracoin","","",""
"88","RonPaulCoin","RPC","ronpaulcoin","","",""
"89","Mooncoin","MOON","mooncoin","","",""
"90","Dimecoin","DIME","dimecoin","","",""
"93","42-coin","42","42-coin","","",""
"99","Vertcoin","VTC","vertcoin","","",""
"101","KlondikeCoin","KDC","klondikecoin","","",""
"103","RedCoin","RED","redcoin","","",""
"109","DigiByte","DGB","digibyte","","",""
"113","SmartCoin","SMC","smartcoin","","",""
"114","TeslaCoin","TES","teslacoin","","",""
"116","Karmacoin","KARMA","karmacoin","","",""
"117","NobleCoin","NOBL","noblecoin","","",""
"118","ReddCoin","RDD","reddcoin","","",""
"120","Nyancoin","NYAN","nyancoin","","",""
"121","UltraCoin","UTC","ultracoin","","",""
"122","PotCoin","POT","potcoin","","",""
"125","Blakecoin","BLC","blakecoin","","",""
"128","MaxCoin","MAX","maxcoin","","",""
"129","QubitCoin","Q2C","qubitcoin","","",""
"130","HunterCoin","HUC","huntercoin","","",""
"131","Dash","DASH","dash","","",""
"132","Counterparty","XCP","counterparty","","",""
"134","CacheCoin","CACH","cachecoin","","",""
"135","TopCoin","TOP","topcoin","","",""
"138","iCoin","ICN","icoin","","",""
"141","Mintcoin","MINT","mintcoin","","",""
"142","Aricoin","ARI","aricoin","","",""
"145","DopeCoin","DOPE","dopecoin","","",""
"148","Auroracoin","AUR","auroracoin","","",""
"150","Animecoin","ANI","animecoin","","",""
"151","Pesetacoin","PTC","pesetacoin","","",""
"154","Marscoin","MARS","marscoin","","",""
"159","Cashcoin","CASH","cashcoin","","",""
"160","Riecoin","RIC","riecoin","","",""
"161","Pandacoin","PND","pandacoin-pnd","","",""
"164","MAZA","MZC","mazacoin","","",""
"168","Uniform Fiscal Object","UFO","uniform-fiscal-object","","",""
"170","BlackCoin","BLK","blackcoin","","",""
"174","LiteBar","LTB","litebar","","",""
"175","Photon","PHO","photon","","",""
"181","Zeitcoin","ZEIT","zeitcoin","","",""
"182","Myriad","XMY","myriad","","",""
"199","Skeincoin","SKC","skeincoin","","",""
"201","Einsteinium","EMC2","einsteinium","","",""
"205","Bitcoin Scrypt","BTCS","bitcoin-scrypt","","",""
"206","Coin(O)","CNO","coin","","",""
"212","ECC","ECC","eccoin","","",""
"213","MonaCoin","MONA","monacoin","","",""
"215","Rubycoin","RBY","rubycoin","","",""
"217","Bela","BELA","belacoin","","",""
"218","FlutterCoin","FLT","fluttercoin","","",""
"221","OctoCoin","888","octocoin","","",""
"224","FairCoin","FAIR","faircoin","","",""
"233","SolarCoin","SLR","solarcoin","","",""
"234","e-Gulden","EFL","e-gulden","","",""
"254","Gulden","NLG","gulden","","",""
"257","Polcoin","PLC","polcoin","","",""
"258","Groestlcoin","GRS","groestlcoin","","",""
"260","PetroDollar","XPD","petrodollar","","",""
"263","PLNcoin","PLNC","plncoin","","",""
"268","WhiteCoin","XWC","whitecoin","","",""
"269","AsiaCoin","AC","asiacoin","","",""
"275","PopularCoin","POP","popularcoin","","",""
"276","Bitstar","BITS","bitstar","","",""
"278","Quebecoin","QBC","quebecoin","","",""
"279","CannaCoin","CCN","cannacoin","","",""
"287","Slothcoin","SLOTH","slothcoin","","",""
"290","BlueCoin","BLU","bluecoin","","",""
"291","MaidSafeCoin","MAID","maidsafecoin","","",""
"293","Bitcoin Plus","XBC","bitcoin-plus","","",""
"295","BTCtalkcoin","TALK","btctalkcoin","","",""
"298","NewYorkCoin","NYC","newyorkcoin","","",""
"304","Canada eCoin","CDN","canada-ecoin","","",""
"312","Guncoin","GUN","guncoin","","",""
"313","PinkCoin","PINK","pinkcoin","","",""
"316","Dreamcoin","DRM","dreamcoin","","",""
"317","CoffeeCoin","CFC","coffeecoin","","",""
"322","Energycoin","ENRG","energycoin","","",""
"323","VeriCoin","VRC","vericoin","","",""
"325","TEKcoin","TEK","tekcoin","","",""
"328","Monero","XMR","monero","","",""
"331","Litecoin Plus","LCP","litecoin-plus","","",""
"333","Curecoin","CURE","curecoin","","",""
"334","UnbreakableCoin","UNB","unbreakablecoin","","",""
"337","CryptCoin","CRYPT","cryptcoin","","",""
"338","QuazarCoin","QCN","quazarcoin","","",""
"341","SuperCoin","SUPER","supercoin","","",""
"344","Qora","QORA","qora","","",""
"350","BoostCoin","BOST","boostcoin","","",""
"353","Hyper","HYPER","hyper","","",""
"356","BitQuark","BTQ","bitquark","","",""
"360","Motocoin","MOTO","motocoin","","",""
"362","CloakCoin","CLOAK","cloakcoin","","",""
"366","BitSend","BSD","bitsend","","",""
"367","Coin2.1","C2","coin2-1","","",""
"370","Fantomcoin","FCN","fantomcoin","","",""
"372","Bytecoin","BCN","bytecoin-bcn","","",""
"374","ArtByte","ABY","artbyte","","",""
"377","NavCoin","NAV","nav-coin","","",""
"380","Uro","URO","uro","","",""
"382","Granite","GRN","granitecoin","","",""
"385","Donationcoin","DON","donationcoin","","",""
"386","Piggycoin","PIGGY","piggycoin","","",""
"389","Startcoin","START","startcoin","","",""
"400","Kore","KORE","korecoin","","",""
"405","DigitalNote","XDN","digitalnote","","",""
"406","Boolberry","BBR","boolberry","","",""
"411","SHACoin","SHA","shacoin","","",""
"415","BlazeCoin","BLZ","blazecoin","","",""
"416","HempCoin","THC","hempcoin","","",""
"426","BritCoin","BRIT","britcoin","","",""
"448","Stealth","XST","stealth","","",""
"450","TrustPlus","TRUST","trustplus","","",""
"460","Clams","CLAM","clams","","",""
"461","Quatloo","QTL","quatloo","","",""
"463","BitShares","BTS","bitshares","","",""
"467","BitcoinDark","BTCD","bitcoindark","","",""
"468","Truckcoin","TRK","truckcoin","","",""
"470","Viacoin","VIA","viacoin","","",""
"476","Firecoin","FIRE","firecoin","","",""
"477","Triangles","TRI","triangles","","",""
"493","ShadowCash","SDC","shadowcash","","",""
"495","I/O Coin","IOC","iocoin","","",""
"501","Cryptonite","XCN","cryptonite","","",""
"502","Carboncoin","CARBON","carboncoin","","",""
"506","CannabisCoin","CANN","cannabiscoin","","",""
"512","Stellar","XLM","stellar","","",""
"513","Titcoin","TIT","titcoin","","",""
"520","Virtacoin","VTA","virtacoin","","",""
"525","HyperStake","HYP","hyperstake","","",""
"536","Joincoin","J","joincoin","","",""
"541","Syscoin","SYS","syscoin","","",""
"543","Bitmark","BTM","bitmark","","",""
"545","Halcyon","HAL","halcyon","","",""
"549","Storjcoin X","SJCX","storjcoin-x","","",""
"551","NeosCoin","NEOS","neoscoin","","",""
"558","Emercoin","EMC","emercoin","","",""
"572","RabbitCoin","RBBT","rabbitcoin","","",""
"573","Burst","BURST","burst","","",""
"576","GameCredits","GAME","gamecredits","","",""
"584","WeAreSatoshi","WSX","wearesatoshi","","",""
"588","Ubiq","UBQ","ubiq","","",""
"594","BunnyCoin","BUN","bunnycoin","","",""
"597","Opal","OPAL","opal","","",""
"601","Acoin","ACOIN","acoin","","",""
"606","FoldingCoin","FLDC","foldingcoin","","",""
"623","bitUSD","BITUSD","bitusd","","",""
"624","bitCNY","BITCNY","bitcny","","",""
"625","bitBTC","BITBTC","bitbtc","","",""
"626","NuBits","USNBT","nubits","","",""
"627","Sterlingcoin","SLG","sterlingcoin","","",""
"629","Magi","XMG","magi","","",""
"633","ExclusiveCoin","EXCL","exclusivecoin","","",""
"638","Trollcoin","TROLL","trollcoin","","",""
"643","SuperNET","UNITY","supernet-unity","","",""
"644","GlobalBoost-Y","BSTY","globalboost-y","","",""
"654","DigitalPrice","DP","digitalprice","","",""
"656","Prime-XI","PXI","prime-xi","","",""
"659","Bitswift","SWIFT","bitswift","","",""
"660","Dashcoin","DSH","dashcoin","","",""
"666","AurumCoin","AU","aurumcoin","","",""
"680","Sativacoin","STV","sativacoin","","",""
"693","Verge","XVG","verge","","",""
"699","NuShares","NSR","nushares","","",""
"702","SpreadCoin","SPR","spreadcoin","","",""
"703","Rimbit","RBT","rimbit","","",""
"706","MonetaryUnit","MUE","monetaryunit","","",""
"707","Blocknet","BLOCK","blocknet","","",""
"708","Gapcoin","GAP","gapcoin","","",""
"719","TittieCoin","TTC","tittiecoin","","",""
"720","Crown","CRW","crown","","",""
"723","BitBay","BAY","bitbay","","",""
"730","GCN Coin","GCN","gcn-coin","","",""
"733","Quotient","XQN","quotient","","",""
"734","Bytecent","BYC","bytecent","","",""
"747","Bitcoin Fast","BCF","bitcoinfast","","",""
"760","OKCash","OK","okcash","","",""
"764","PayCoin","XPY","paycoin2","","",""
"766","vTorrent","VTR","vtorrent","","",""
"778","bitGold","BITGOLD","bitgold","","",""
"781","Unitus","UIS","unitus","","",""
"785","GoldPieces","GP","goldpieces","","",""
"788","Circuits of Value","COVAL","circuits-of-value","","",""
"789","Nexus","NXS","nexus","","",""
"795","SoonCoin","SOON","sooncoin","","",""
"796","MetalCoin","METAL","metalcoin","","",""
"797","IncaKoin","NKA","incakoin","","",""
"799","SmileyCoin","SMLY","smileycoin","","",""
"804","AmberCoin","AMBER","ambercoin","","",""
"812","Machinecoin","MAC","machinecoin","","",""
"813","bitSilver","BITSILVER","bitsilver","","",""
"814","Dotcoin","DOT","dotcoin","","",""
"815","Kobocoin","KOBO","kobocoin","","",""
"818","PayCon","CON","paycon","","",""
"819","Bean Cash","BITB","bean-cash","","",""
"823","GeoCoin","GEO","geocoin","","",""
"825","Tether","USDT","tether","","",""
"831","Wild Beast Block","WBB","wild-beast-block","","",""
"833","GridCoin","GRC","gridcoin","","",""
"836","Vcash","XVC","vcash","","",""
"837","X-Coin","XCO","x-coin","","",""
"841","Sharkcoin","SAK","sharkcoin","","",""
"842","Bitz","BITZ","bitz","","",""
"853","LiteDoge","LDOGE","litedoge","","",""
"855","UNCoin","UNC","uncoin","","",""
"857","SongCoin","SONG","songcoin","","",""
"859","Woodcoin","LOG","woodcoin","","",""
"865","Selfiecoin","SLFI","selfiecoin","","",""
"869","Crave","CRAVE","crave","","",""
"870","Pura","PURA","pura","","",""
"873","NEM","XEM","nem","","",""
"890","8Bit","8BIT","8bit","","",""
"892","LeaCoin","LEA","leacoin","","",""
"894","Neutron","NTRN","neutron","","",""
"895","Xaurum","XAUR","xaurum","","",""
"898","Californium","CF","californium","","",""
"911","Advanced Internet Blocks","AIB","advanced-internet-blocks","","",""
"912","EggCoin","EGG","eggcoin","","",""
"914","Sphere","SPHR","sphere","","",""
"916","MedicCoin","MEDIC","mediccoin","","",""
"918","Bubble","BUB","bubble","","",""
"920","MUSE","MUSE","bitshares-music","","",""
"921","Universal Currency","UNIT","universal-currency","","",""
"924","ShellCoin","SHELL","shellcoin","","",""
"933","Crypto","CTO","crypto","","",""
"934","ParkByte","PKB","parkbyte","","",""
"938","ARbit","ARB","arbit","","",""
"939","Gambit","GAM","gambit","","",""
"945","Bata","BTA","bata","","",""
"948","AudioCoin","ADC","audiocoin","","",""
"951","Synergy","SNRG","synergy","","",""
"954","bitEUR","BITEUR","biteur","","",""
"959","UniCoin","UNIC","unicoin","","",""
"960","FujiCoin","FJC","fujicoin","","",""
"964","EuropeCoin","ERC","europecoin","","",""
"965","The Cypherfunks","FUNK","the-cypherfunks","","",""
"977","Hexx","HXX","hexx","","",""
"978","Ratecoin","XRA","ratecoin","","",""
"983","Metal Music Coin","MTLMC3","metal-music-coin","","",""
"986","CrevaCoin","CREVA","crevacoin","","",""
"988","IrishCoin","IRL","irishcoin","","",""
"990","Bitzeny","ZNY","bitzeny","","",""
"992","Cycling Coin","CYC","cycling-coin","","",""
"993","BowsCoin","BSC","bowscoin","","",""
"994","AnarchistsPrime","ACP","anarchistsprime","","",""
"997","TAGRcoin","TAGR","tagrcoin","","",""
"998","CompuCoin","CPN","compucoin","","",""
"999","ChainCoin","CHC","chaincoin","","",""
"1002","Sprouts","SPRTS","sprouts","","",""
"1004","Helleniccoin","HNC","helleniccoin","","",""
"1008","Capricoin","CPC","capricoin","","",""
"1010","Flaxscript","FLAX","flaxscript","","",""
"1011","Cthulhu Offerings","OFF","cthulhu-offerings","","",""
"1018","BiosCrypto","BIOS","bios-crypto","","",""
"1019","Manna","MANNA","manna","","",""
"1020","Axiom","AXIOM","axiom","","",""
"1022","LEOcoin","LEO","leocoin","","",""
"1026","Aeon","AEON","aeon","","",""
"1027","Ethereum","ETH","ethereum","","",""
"1028","SJWCoin","SJW","sjwcoin","","",""
"1032","TransferCoin","TX","transfercoin","","",""
"1033","GuccioneCoin","GCC","guccionecoin","","",""
"1035","AmsterdamCoin","AMS","amsterdamcoin","","",""
"1038","Eurocoin","EUC","eurocoin","","",""
"1042","Siacoin","SC","siacoin","","",""
"1044","Global Currency Reserve","GCR","global-currency-reserve","","",""
"1045","DeltaCredits","DCRE","deltacredits","","",""
"1048","SatoshiMadness","MAD","satoshimadness","","",""
"1050","Shift","SHIFT","shift","","",""
"1052","VectorAI","VEC2","vector","","",""
"1053","Bolivarcoin","BOLI","bolivarcoin","","",""
"1058","SpaceCoin","SPACE","spacecoin","","",""
"1062","Flycoin","FLY","flycoin","","",""
"1063","Bitcrystals","BCY","bitcrystals","","",""
"1066","Pakcoin","PAK","pakcoin","","",""
"1069","Influxcoin","INFX","influxcoin","","",""
"1070","Expanse","EXP","expanse","","",""
"1073","Steps","STEPS","steps","","",""
"1082","SIBCoin","SIB","sibcoin","","",""
"1084","IslaCoin","ISL","islacoin","","",""
"1085","Swing","SWING","swing","","",""
"1087","Factom","FCT","factom","","",""
"1089","ParallelCoin","DUO","parallelcoin","","",""
"1090","Save and Gain","SANDG","save-and-gain","","",""
"1093","Prototanium","PR","prototanium","","",""
"1100","DigiCube","CUBE","digicube","","",""
"1104","Augur","REP","augur","","",""
"1106","StrongHands","SHND","stronghands","","",""
"1107","PACcoin","$PAC","paccoin","","",""
"1109","Elite","1337","1337coin","","",""
"1110","Money","$$$","money","","",""
"1111","SOILcoin","SOIL","soilcoin","","",""
"1113","SecretCoin","SCRT","secretcoin","","",""
"1120","DraftCoin","DFT","draftcoin","","",""
"1123","OBITS","OBITS","obits","","",""
"1125","Synereo","AMP","synereo","","",""
"1128","GBCGoldCoin","GBC","gbcgoldcoin","","",""
"1131","X2","X2","x2","","",""
"1135","ClubCoin","CLUB","clubcoin","","",""
"1136","Adzcoin","ADZ","adzcoin","","",""
"1139","MindCoin","MND","mindcoin","","",""
"1141","Moin","MOIN","moin","","",""
"1146","AvatarCoin","AV","avatarcoin","","",""
"1147","RussiaCoin","RC","russiacoin","","",""
"1148","EverGreenCoin","EGC","evergreencoin","","",""
"1151","Opescoin","OPES","opescoin","","",""
"1153","Creditbit","CRB","creditbit","","",""
"1154","Radium","RADS","radium","","",""
"1155","Litecred","LTCR","litecred","","",""
"1156","Yocoin","YOC","yocoin","","",""
"1159","SaluS","SLS","salus","","",""
"1164","Francs","FRN","francs","","",""
"1165","Evil Coin","EVIL","evil-coin","","",""
"1168","Decred","DCR","decred","","",""
"1169","PIVX","PIVX","pivx","","",""
"1172","Safe Exchange Coin","SAFEX","safe-exchange-coin","","",""
"1173","HempCoin","HMP","hempcoin-hmp","","",""
"1175","Rubies","RBIES","rubies","","",""
"1176","Asiadigicoin","ADCN","asiadigicoin","","",""
"1180","Destiny","DES","destiny","","",""
"1182","KiloCoin","KLC","kilocoin","","",""
"1185","TrumpCoin","TRUMP","trumpcoin","","",""
"1191","Memetic / PepeCoin","MEME","memetic","","",""
"1193","C-Bit","XCT","c-bit","","",""
"1194","Independent Money System","IMS","independent-money-system","","",""
"1195","HOdlcoin","HODL","hodlcoin","","",""
"1198","BigUp","BIGUP","bigup","","",""
"1200","NevaCoin","NEVA","nevacoin","","",""
"1206","BumbaCoin","BUMBA","bumbacoin","","",""
"1208","RevolutionVR","RVR","revolutionvr","","",""
"1209","PosEx","PEX","posex","","",""
"1210","Cabbage","CAB","cabbage","","",""
"1212","MojoCoin","MOJO","mojocoin","","",""
"1213","GoldMaxCoin","GMX","goldmaxcoin","","",""
"1214","Lisk","LSK","lisk","","",""
"1216","EDRCoin","EDRC","edrcoin","","",""
"1218","PostCoin","POST","postcoin","","",""
"1222","Operand","OP","operand","","",""
"1223","BERNcash","BERN","berncash","","",""
"1226","Qwark","QWARK","qwark","","",""
"1229","DigixDAO","DGD","digixdao","","",""
"1230","Steem","STEEM","steem","","",""
"1234","Fantasy Cash","FANS","fantasy-cash","","",""
"1238","Espers","ESP","espers","","",""
"1241","FuzzBalls","FUZZ","fuzzballs","","",""
"1243","DarkLisk","DISK","darklisk","","",""
"1244","HiCoin","XHI","hicoin","","",""
"1247","AquariusCoin","ARCO","aquariuscoin","","",""
"1248","Bitcoin 21","XBTC21","bitcoin-21","","",""
"1249","Elcoin","EL","elcoin-el","","",""
"1250","Zurcoin","ZUR","zurcoin","","",""
"1251","SixEleven","611","sixeleven","","",""
"1252","2GIVE","2GIVE","2give","","",""
"1254","PlatinumBAR","XPTX","platinumbar","","",""
"1256","Alphabit","ABC","alphabitcoinfund","","",""
"1257","LanaCoin","LANA","lanacoin","","",""
"1259","PonziCoin","PONZI","ponzicoin","","",""
"1264","TeslaCoilCoin","TESLA","teslacoilcoin","","",""
"1266","MarteXcoin","MXT","martexcoin","","",""
"1268","Nullex","NLX","nullex","","",""
"1269","RichCoin","RICHX","richcoin","","",""
"1271","PrismChain","PRM","prismchain","","",""
"1274","Waves","WAVES","waves","","",""
"1275","Newbium","NEWB","newbium","","",""
"1276","ICO OpenLedger","ICOO","ico-openledger","","",""
"1279","Powercoin","PWR","powercoin","","",""
"1281","ION","ION","ion","","",""
"1282","High Voltage","HVCO","high-voltage","","",""
"1283","Mineum","MNM","mineum","","",""
"1284","RevolverCoin","XRE","revolvercoin","","",""
"1285","GoldBlocks","GB","goldblocks","","",""
"1286","Breakout","BRK","breakout","","",""
"1288","Debitcoin","DBTC","debitcoin","","",""
"1291","Comet","CMT","comet","","",""
"1294","Rise","RISE","rise","","",""
"1297","ChessCoin","CHESS","chesscoin","","",""
"1298","LBRY Credits","LBC","library-credit","","",""
"1299","PutinCoin","PUT","putincoin","","",""
"1303","Breakout Stake","BRX","breakout-stake","","",""
"1304","Syndicate","SYNX","syndicate","","",""
"1306","Cryptojacks","CJ","cryptojacks","","",""
"1307","ReeCoin","REE","reecoin","","",""
"1308","HEAT","HEAT","heat-ledger","","",""
"1309","LetItRide","LIR","letitride","","",""
"1310","DAPPSTER","DLISK","dappster","","",""
"1312","Steem Dollars","SBD","steem-dollars","","",""
"1313","LinkedCoin","LKC","linkedcoin","","",""
"1315","Chronos","CRX","chronos","","",""
"1320","Ardor","ARDR","ardor","","",""
"1321","Ethereum Classic","ETC","ethereum-classic","","",""
"1322","808Coin","808","808coin","","",""
"1323","First Bitcoin","BIT","first-bitcoin","","",""
"1330","PokeCoin","POKE","pokecoin","","",""
"1334","Elementrem","ELE","elementrem","","",""
"1336","UGAIN","GAIN","ugain","","",""
"1340","Karbo","KRB","karbo","","",""
"1341","VapersCoin","VPRC","vaperscoin","","",""
"1343","Stratis","STRAT","stratis","","",""
"1348","President Trump","PRES","president-trump","","",""
"1351","Aces","ACES","aces","","",""
"1352","President Johnson","GARY","president-johnson","","",""
"1353","TajCoin","TAJ","tajcoin","","",""
"1356","TodayCoin","TODAY","todaycoin","","",""
"1357","PX","PX","px","","",""
"1358","E-Dinar Coin","EDR","e-dinar-coin","","",""
"1359","BitTokens","BXT","bittokens","","",""
"1361","Artex Coin","ATX","artex-coin","","",""
"1366","AgrolifeCoin","AGLC","agrolifecoin","","",""
"1367","Experience Points","XP","experience-points","","",""
"1368","Veltor","VLT","veltor","","",""
"1371","B3Coin","KB3","b3coin","","",""
"1374","BlockPay","BLOCKPAY","blockpay","","",""
"1375","Golfcoin","GOLF","golfcoin","","",""
"1376","NEO","NEO","neo","","",""
"1379","Jewels","JWL","jewels","","",""
"1380","LoMoCoin","LMC","lomocoin","","",""
"1381","Bitcloud","BTDX","bitcloud","","",""
"1382","NoLimitCoin","NLC2","nolimitcoin","","",""
"1385","SportsCoin","SPORT","sportscoin","","",""
"1387","VeriumReserve","VRM","veriumreserve","","",""
"1389","Zayedcoin","ZYD","zayedcoin","","",""
"1390","Jin Coin","JIN","jin-coin","","",""
"1391","Tao","XTO","tao","","",""
"1392","Pluton","PLU","pluton","","",""
"1393","Tellurion","TELL","tellurion","","",""
"1394","Shilling","SH","shilling","","",""
"1395","Dollarcoin","DLC","dollarcoin","","",""
"1396","MustangCoin","MST","mustangcoin","","",""
"1397","Beatcoin","XBTS","beatcoin","","",""
"1398","PROUD Money","PROUD","proud-money","","",""
"1399","Sequence","SEQ","sequence","","",""
"1400","Omicron","OMC","omicron","","",""
"1403","FirstBlood","1ST","firstblood","","",""
"1405","Pepe Cash","PEPECASH","pepe-cash","","",""
"1408","Iconomi","ICN","iconomi","","",""
"1409","SingularDTV","SNGLS","singulardtv","","",""
"1414","ZCoin","XZC","zcoin","","",""
"1418","Rcoin","RCN","rcoin","","",""
"1420","Atomic Coin","ATOM","atomic-coin","","",""
"1421","JobsCoin","JOBS","jobscoin","","",""
"1423","Triggers","TRIG","triggers","","",""
"1425","Sakuracoin","SKR","sakuracoin","","",""
"1428","RoyalCoin","ROYAL","royalcoin","","",""
"1429","Levocoin","LEVO","levocoin","","",""
"1434","Advanced Technology Coin","ARC","arcticcoin","","",""
"1435","Cubits","QBT","cubits","","",""
"1436","DynamicCoin","DMC","dynamiccoin","","",""
"1437","Zcash","ZEC","zcash","","",""
"1438","ImpulseCoin","IMPS","impulsecoin","","",""
"1439","AllSafe","ASAFE2","allsafe","","",""
"1442","BipCoin","BIP","bipcoin","","",""
"1447","ZClassic","ZCL","zclassic","","",""
"1448","Zoin","ZOI","zoin","","",""
"1449","WA Space","WA","wa-space","","",""
"1454","Lykke","LKK","lykke","","",""
"1455","Golem","GNT","golem-network-tokens","","",""
"1456","ZetaMicron","ZMC","zetamicron","","",""
"1457","Bitcurrency","BTCR","bitcurrency","","",""
"1459","Regacoin","REGA","regacoin","","",""
"1463","LuckChain","BASH","luckchain","","",""
"1464","Internet of People","IOP","internet-of-people","","",""
"1465","Veros","VRS","veros","","",""
"1466","Hush","HUSH","hush","","",""
"1468","Kurrent","KURT","kurrent","","",""
"1469","Creatio","XCRE","creatio","","",""
"1472","Rawcoin","XRC","rawcoin2","","",""
"1473","Pascal Coin","PASC","pascal-coin","","",""
"1474","Eternity","ENT","eternity","","",""
"1475","Incent","INCNT","incent","","",""
"1478","DECENT","DCT","decent","","",""
"1479","NodeCoin","NODC","nodecoin","","",""
"1480","Golos","GOLOS","golos","","",""
"1481","Nexium","NXC","nexium","","",""
"1482","Shorty","SHORTY","shorty","","",""
"1483","vSlice","VSL","vslice","","",""
"1485","Dollar Online","DOLLAR","dollar-online","","",""
"1486","Vault Coin","VLTC","vault-coin","","",""
"1487","Pabyosi Coin (Special)","PCS","pabyosi-coin-special","","",""
"1489","T-coin","TCOIN","t-coin","","",""
"1492","Byteball Bytes","GBYTE","byteball","","",""
"1494","Bitpark Coin","BPC","bitpark-coin","","",""
"1495","PoSW Coin","POSW","posw-coin","","",""
"1496","Luna Coin","LUNA","luna-coin","","",""
"1497","Fargocoin","FRGC","fargocoin","","",""
"1500","Wings","WINGS","wings","","",""
"1501","Dix Asset","DIX","dix-asset","","",""
"1502","GameUnits","UNITS","gameunits","","",""
"1503","Darcrus","DAR","darcrus","","",""
"1504","InflationCoin","IFLT","inflationcoin","","",""
"1505","Spectrecoin","XSPEC","spectrecoin","","",""
"1506","Safe Trade Coin","XSTC","safe-trade-coin","","",""
"1507","LandCoin","LDCN","landcoin","","",""
"1509","BenjiRolls","BENJI","benjirolls","","",""
"1510","CryptoCarbon","CCRB","cryptocarbon","","",""
"1511","PureVidz","VIDZ","purevidz","","",""
"1513","BitConnect","BCC","bitconnect","","",""
"1514","ICOBID","ICOB","icobid","","",""
"1515","iBank","IBANK","ibank","","",""
"1518","Maker","MKR","maker","","",""
"1519","Printerium","PRX","printerium","","",""
"1520","Digital Rupees","DRS","digital-rupees","","",""
"1521","Komodo","KMD","komodo","","",""
"1522","FirstCoin","FRST","firstcoin","","",""
"1523","Magnum","MGM","magnum","","",""
"1524","Tattoocoin (Standard Edition)","TSE","tattoocoin","","",""
"1525","Solarflarecoin","SFC","solarflarecoin","","",""
"1526","Zilbercoin","ZBC","zilbercoin","","",""
"1527","Waves Community Token","WCT","waves-community-token","","",""
"1528","Iconic","ICON","iconic","","",""
"1529","KushCoin","KUSH","kushcoin","","",""
"1530","LePen","LEPEN","lepen","","",""
"1531","Global Cryptocurrency","GCC","global-cryptocurrency","","",""
"1533","Avoncoin","ACN","avoncoin","","",""
"1534","BOAT","BOAT","doubloon","","",""
"1535","Eryllium","ERY","eryllium","","",""
"1539","Elysium","ELS","elysium","","",""
"1542","Golos Gold","GBG","golos-gold","","",""
"1544","CryptoWorldX Token","CWXT","cryptoworldx-token","","",""
"1546","Centurion","CNT","centurion","","",""
"1548","Marijuanacoin","MAR","marijuanacoin","","",""
"1550","Master Swiscoin","MSCN","master-swiscoin","","",""
"1551","KashhCoin","KASHH","kashhcoin","","",""
"1552","Melon","MLN","melon","","",""
"1554","Allion","ALL","allion","","",""
"1555","PRCoin","PRC","prcoin","","",""
"1556","Chronobank","TIME","chronobank","","",""
"1558","Argus","ARGUS","argus","","",""
"1559","Renos","RNS","renos","","",""
"1561","UR","UR","ur","","",""
"1562","Swarm City","SWT","swarm-city","","",""
"1563","PIECoin","PIE","piecoin","","",""
"1565","MarxCoin","MARX","marxcoin","","",""
"1566","Visio","VISIO","visio","","",""
"1567","Nano","NANO","nano","","",""
"1568","LevoPlus","LVPS","levoplus","","",""
"1570","GeertCoin","GEERT","geertcoin","","",""
"1575","Pascal Lite","PASL","pascal-lite","","",""
"1576","MiloCoin","MILO","milocoin","","",""
"1577","Musicoin","MUSIC","musicoin","","",""
"1578","Zero","ZER","zero","","",""
"1579","BioBar","BIOB","biobar","","",""
"1581","Honey","HONEY","honey","","",""
"1582","Netko","NETKO","netko","","",""
"1586","Ark","ARK","ark","","",""
"1587","Dynamic","DYN","dynamic","","",""
"1588","Tokes","TKS","tokes","","",""
"1590","Mercury","MER","mercury","","",""
"1592","TaaS","TAAS","taas","","",""
"1595","Soarcoin","SOAR","soarcoin","","",""
"1596","Edgeless","EDG","edgeless","","",""
"1597","Bankcoin","B@","bankcoin","","",""
"1598","ZSEcoin","ZSE","zsecoin","","",""
"1602","HealthyWormCoin","WORM","healthywormcoin","","",""
"1603","Databits","DTB","databits","","",""
"1604","BestChain","BEST","bestchain","","",""
"1605","Universe","UNI","universe","","",""
"1606","Solaris","XLR","solaris","","",""
"1607","Impact","IMX","impact","","",""
"1608","Tristar Coin","TSTR","tristar-coin","","",""
"1609","Asch","XAS","asch","","",""
"1610","Scorecoin","SCORE","scorecoin","","",""
"1611","DubaiCoin","DBIX","dubaicoin-dbix","","",""
"1614","Darsek","KED","darsek","","",""
"1616","Matchpool","GUP","guppy","","",""
"1617","Ultimate Secure Cash","USC","ultimate-secure-cash","","",""
"1618","E-coin","ECN","e-coin","","",""
"1619","Skycoin","SKY","skycoin","","",""
"1623","BlazerCoin","BLAZR","blazercoin","","",""
"1624","Atmos","ATMOS","atmos","","",""
"1625","Ethereum Movie Venture","EMV","ethereum-movie-venture","","",""
"1626","InPay","INPAY","inpay","","",""
"1628","Happycoin","HPC","happycoin","","",""
"1629","Zennies","ZENI","zennies","","",""
"1630","Coinonat","CXT","coinonat","","",""
"1631","Internet of Things","XOT","internet-of-things","","",""
"1632","Concoin","CONX","concoin","","",""
"1634","Ebittree Coin","EBT","ebittree-coin","","",""
"1635","Fazzcoin","FAZZ","fazzcoin","","",""
"1636","XTRABYTES","XBY","xtrabytes","","",""
"1637","iExec RLC","RLC","rlc","","",""
"1638","WeTrust","TRST","trust","","",""
"1640","DeusCoin","DEUS","deuscoin","","",""
"1642","Altcoin","ALT","altcoin-alt","","",""
"1643","WavesGo","WGO","wavesgo","","",""
"1644","MACRON","MCRN","macron","","",""
"1645","Dashs","DASHS","dashs","","",""
"1647","Tattoocoin (Limited Edition)","TLE","tattoocoin-limited","","",""
"1650","ProCurrency","PROC","procurrency","","",""
"1651","SpeedCash","SCS","speedcash","","",""
"1654","Bitcore","BTX","bitcore","","",""
"1657","Bitvolt","VOLT","bitvolt","","",""
"1658","Lunyr","LUN","lunyr","","",""
"1659","Gnosis","GNO","gnosis-gno","","",""
"1660","TokenCard","TKN","tokencard","","",""
"1662","Condensate","RAIN","condensate","","",""
"1665","Gold Pressed Latinum","GPL","gold-pressed-latinum","","",""
"1669","Humaniq","HMQ","humaniq","","",""
"1670","FUNCoin","FUNC","funcoin","","",""
"1671","iTicoin","ITI","iticoin","","",""
"1673","Minereum","MNE","minereum","","",""
"1674","Cannation","CNNC","cannation","","",""
"1676","Creativecoin","CREA","creativecoin","","",""
"1677","Etheroll","DICE","etheroll","","",""
"1678","InsaneCoin","INSN","insanecoin-insn","","",""
"1679","Halloween Coin","HALLO","halloween-coin","","",""
"1680","Aragon","ANT","aragon","","",""
"1681","PRIZM","PZM","prizm","","",""
"1683","RouletteToken","RLT","roulettetoken","","",""
"1684","Qtum","QTUM","qtum","","",""
"1685","EcoCoin","ECO","ecocoin","","",""
"1686","EquiTrader","EQT","equitrader","","",""
"1687","Digital Money Bits","DMB","digital-money-bits","","",""
"1688","APX","APX","apx","","",""
"1690","MCAP","MCAP","mcap","","",""
"1691","Project-X","NANOX","project-x","","",""
"1693","Theresa May Coin","MAY","theresa-may-coin","","",""
"1694","Sumokoin","SUMO","sumokoin","","",""
"1695","ZenGold","ZENGOLD","zengold","","",""
"1697","Basic Attention Token","BAT","basic-attention-token","","",""
"1698","ZenCash","ZEN","zencash","","",""
"1699","Ethbits","ETBS","ethbits","","",""
"1700","Aeternity","AE","aeternity","","",""
"1702","Version","V","version","","",""
"1703","Metaverse ETP","ETP","metaverse","","",""
"1704","eBoost","EBST","eboostcoin","","",""
"1706","Aidos Kuneen","ADK","aidos-kuneen","","",""
"1707","STEX","STEX","stex","","",""
"1708","Patientory","PTOY","patientory","","",""
"1709","Quantum","QAU","quantum","","",""
"1710","Veritaseum","VERI","veritaseum","","",""
"1711","Electra","ECA","electra","","",""
"1712","Quantum Resistant Ledger","QRL","quantum-resistant-ledger","","",""
"1714","EncryptoTel [WAVES]","ETT","encryptotel","","",""
"1715","MobileGo","MGO","mobilego","","",""
"1716","Ammo Reloaded","AMMO","ammo-reloaded","","",""
"1717","Neuro","NRO","neuro","","",""
"1719","Peerplays","PPY","peerplays-ppy","","",""
"1720","IOTA","MIOTA","iota","","",""
"1721","Mysterium","MYST","mysterium","","",""
"1722","Legends Room","LGD","legends-room","","",""
"1723","SONM","SNM","sonm","","",""
"1724","Linx","LINX","linx","","",""
"1726","ZrCoin","ZRC","zrcoin","","",""
"1727","Bancor","BNT","bancor","","",""
"1728","Cheapcoin","CHEAP","cheapcoin","","",""
"1729","Cofound.it","CFI","cofound-it","","",""
"1731","GlobalToken","GLT","globaltoken","","",""
"1732","Numeraire","NMR","numeraire","","",""
"1733","Octanox","OTX","octanox","","",""
"1736","Unify","UNIFY","unify","","",""
"1737","Elastic","XEL","elastic","","",""
"1738","Coupecoin","COUPE","coupecoin","","",""
"1739","Miners' Reward Token","MRT","miners-reward-token","","",""
"1741","Bitok","BITOK","bitok","","",""
"1742","Huncoin","HNC","huncoin","","",""
"1743","KingN Coin","KNC","kingn-coin","","",""
"1745","Dinastycoin","DCY","dinastycoin","","",""
"1746","Leviar","XLC","leviar","","",""
"1747","Onix","ONX","onix","","",""
"1748","Bitcoin Planet","BTPL","bitcoin-planet","","",""
"1750","GXChain","GXS","gxchain","","",""
"1752","Goodomy","GOOD","goodomy","","",""
"1753","Antimatter","ANTX","antimatter","","",""
"1754","Bitradio","BRO","bitradio","","",""
"1755","Flash","FLASH","flash","","",""
"1756","Pirate Blocks","SKULL","pirate-blocks","","",""
"1757","FunFair","FUN","funfair","","",""
"1758","TenX","PAY","tenx","","",""
"1759","Status","SNT","status","","",""
"1760","ChanCoin","CHAN","chancoin","","",""
"1762","Ergo","EFYT","ergo","","",""
"1763","BriaCoin","BRIA","briacoin","","",""
"1765","EOS","EOS","eos","","",""
"1767","TurboCoin","TURBO","turbocoin","","",""
"1768","AdEx","ADX","adx-net","","",""
"1769","Denarius","DNR","denarius-dnr","","",""
"1771","DAO.Casino","BET","dao-casino","","",""
"1772","Storj","STORJ","storj","","",""
"1773","BnrtxCoin","BNX","bnrtxcoin","","",""
"1774","SocialCoin","SOCC","socialcoin-socc","","",""
"1775","adToken","ADT","adtoken","","",""
"1776","Monaco","MCO","monaco","","",""
"1777","CryptoPing","PING","cryptoping","","",""
"1778","Useless Ethereum Token","UET","useless-ethereum-token","","",""
"1779","Wagerr","WGR","wagerr","","",""
"1781","Slevin","SLEVIN","slevin","","",""
"1782","Ecobit","ECOB","ecobit","","",""
"1783","UniversalRoyalCoin","UNRC","universalroyalcoin","","",""
"1784","Polybius","PLBT","polybius","","",""
"1785","Gas","GAS","gas","","",""
"1786","SunContract","SNC","suncontract","","",""
"1787","Jetcoin","JET","jetcoin","","",""
"1788","Metal","MTL","metal","","",""
"1789","Populous","PPT","populous","","",""
"1790","WomenCoin","WOMEN","women","","",""
"1792","Virta Unique Coin","VUC","virta-unique-coin","","",""
"1793","Bitdeal","BDL","bitdeal","","",""
"1795","Sphre AIR ","XID","sphre-air","","",""
"1797","DaxxCoin","DAXX","daxxcoin","","",""
"1798","FuturXe","FXE","futurexe","","",""
"1799","Rupee","RUP","rupee","","",""
"1800","FinCoin","FNC","fincoin","","",""
"1801","Global Tour Coin","GTC","global-tour-coin","","",""
"1803","PeepCoin","PCN","peepcoin","","",""
"1805","Sovereign Hero","HERO","sovereign-hero","","",""
"1807","Santiment Network Token","SAN","santiment","","",""
"1808","OmiseGO","OMG","omisego","","",""
"1809","TerraNova","TER","terranova","","",""
"1810","CVCoin","CVCOIN","cvcoin","","",""
"1811","Nimiq Exchange Token","NET","nimiq","","",""
"1812","Rialto","XRL","rialto","","",""
"1814","Linda","LINDA","linda","","",""
"1815","Embers","MBRS","embers","","",""
"1816","Civic","CVC","civic","","",""
"1817","Ethos","ETHOS","ethos","","",""
"1818","Bit20","BTWTY","bit20","","",""
"1819","Starta","STA","starta","","",""
"1822","RSGPcoin","RSGP","rsgpcoin","","",""
"1824","BitCoal","COAL","bitcoal","","",""
"1825","LiteBitcoin","LBTC","litebitcoin","","",""
"1826","Particl","PART","particl","","",""
"1827","Primulon","PRIMU","primulon","","",""
"1828","SmartCash","SMART","smartcash","","",""
"1830","SkinCoin","SKIN","skincoin","","",""
"1831","Bitcoin Cash","BCH","bitcoin-cash","","",""
"1832","HarmonyCoin","HMC","harmonycoin-hmc","","",""
"1833","ToaCoin","TOA","toacoin","","",""
"1834","Pillar","PLR","pillar","","",""
"1835","Royalties","XRY","royalties","","",""
"1836","Signatum","SIGT","signatum","","",""
"1837","Coimatic 2.0","CTIC2","coimatic-2","","",""
"1838","OracleChain","OCT","oraclechain","","",""
"1839","Binance Coin","BNB","binance-coin","","",""
"1840","300 Token","300","300-token","","",""
"1841","Primalbase Token","PBT","primalbase","","",""
"1842","CampusCoin","CMPCO","campuscoin","","",""
"1843","EmberCoin","EMB","embercoin","","",""
"1845","iXledger","IXT","ixledger","","",""
"1846","GeyserCoin","GSR","geysercoin","","",""
"1847","Mothership","MSP","mothership","","",""
"1848","Aseancoin","ASN","aseancoin","","",""
"1849","Birds","BIRDS","birds","","",""
"1850","Cream","CRM","cream","","",""
"1851","ERA","ERA","blakestar","","",""
"1852","KekCoin","KEK","kekcoin","","",""
"1853","OAX","OAX","oax","","",""
"1856","district0x","DNT","district0x","","",""
"1857","FundYourselfNow","FYN","fundyourselfnow","","",""
"1861","Stox","STX","stox","","",""
"1863","Minex","MINEX","minex","","",""
"1864","Blox","CDT","blox","","",""
"1865","Wink","WINK","wink","","",""
"1866","Bytom","BTM","bytom","","",""
"1867","Centra","CTR","centra","","",""
"1869","Mao Zedong","MAO","mao-zedong","","",""
"1871","First Bitcoin Capital","BITCF","first-bitcoin-capital","","",""
"1872","NEVERDIE","NDC","neverdie","","",""
"1873","Blocktix","TIX","blocktix","","",""
"1876","Dentacoin","DCN","dentacoin","","",""
"1877","Rupaya","RUPX","rupaya","","",""
"1878","Shadow Token","SHDW","shadow-token","","",""
"1881","DeepOnion","ONION","deeponion","","",""
"1882","BlockCAT","CAT","blockcat","","",""
"1883","AdShares","ADST","adshares","","",""
"1884","DigitalDevelopersFund","DDF","digital-developers-fund","","",""
"1885","BitAsean","BAS","bitasean","","",""
"1886","Dent","DENT","dent","","",""
"1887","Monster Byte","MBI","monster-byte","","",""
"1888","InvestFeed","IFT","investfeed","","",""
"1889","CoinonatX","XCXT","coinonatx","","",""
"1890","Etheriya","RIYA","etheriya","","",""
"1894","The ChampCoin","TCC","the-champcoin","","",""
"1896","0x","ZRX","0x","","",""
"1897","Bolenum","BLN","bolenum","","",""
"1898","Smoke","SMOKE","smoke","","",""
"1899","YOYOW","YOYOW","yoyow","","",""
"1900","Growers International","GRWI","growers-international","","",""
"1902","MyBit Token","MYB","mybit-token","","",""
"1903","Hshare","HSR","hshare","","",""
"1904","VeChain","VEN","vechain","","",""
"1905","TrueFlip","TFL","trueflip","","",""
"1907","XTD Coin","XTD","xtd-coin","","",""
"1908","Nebulas","NAS","nebulas-token","","",""
"1910","ATMCoin","ATMC","atmcoin","","",""
"1912","Dalecoin","DALC","dalecoin","","",""
"1913","Protean","PRN","protean","","",""
"1914","OX Fina","OX","ox-fina","","",""
"1915","AdCoin","ACC","adcoin","","",""
"1916","BiblePay","BBP","biblepay","","",""
"1917","bitqy","BQ","bitqy","","",""
"1918","Achain","ACT","achain","","",""
"1920","NamoCoin","NAMO","namocoin","","",""
"1921","SIGMAcoin","SIGMA","sigmacoin","","",""
"1922","Monoeci","XMCC","monacocoin","","",""
"1923","Tierion","TNT","tierion","","",""
"1925","Waltonchain","WTC","waltonchain","","",""
"1926","BROTHER","BRAT","brat","","",""
"1927","Ulatech","ULA","ulatech","","",""
"1930","Primas","PST","primas","","",""
"1931","Opus","OPT","opus","","",""
"1933","Suretly","SUR","suretly","","",""
"1934","Loopring","LRC","loopring","","",""
"1935","LiteCoin Ultra","LTCU","litecoin-ultra","","",""
"1937","Po.et","POE","poet","","",""
"1938","Fujinto","NTO","fujinto","","",""
"1942","StarCredits","STRC","starcredits","","",""
"1943","Kronecoin","KRONE","kronecoin","","",""
"1945","Cyder","CYDER","cyder","","",""
"1946","Masternodecoin","MTNC","masternodecoin","","",""
"1947","Monetha","MTH","monetha","","",""
"1948","Aventus","AVT","aventus","","",""
"1949","Agrello","DLT","agrello-delta","","",""
"1950","Hive Project","HVN","hive-project","","",""
"1951","Vsync","VSX","vsync-vsx","","",""
"1952","Magnetcoin","MAGN","magnetcoin","","",""
"1954","Moeda Loyalty Points","MDA","moeda-loyalty-points","","",""
"1955","Neblio","NEBL","neblio","","",""
"1956","VIVO","VIVO","vivo","","",""
"1958","TRON","TRX","tron","","",""
"1959","Oceanlab","OCL","oceanlab","","",""
"1961","imbrex","REX","imbrex","","",""
"1962","BuzzCoin","BUZZ","buzzcoin","","",""
"1963","Credo","CREDO","credo","","",""
"1964","DROXNE","DRXNE","droxne","","",""
"1965","Bowhead","AHT","bowhead","","",""
"1966","Decentraland","MANA","decentraland","","",""
"1967","Indorse Token","IND","indorse-token","","",""
"1968","XPA","XPA","xpa","","",""
"1969","Sociall","SCL","sociall","","",""
"1970","ATBCoin","ATB","atbcoin","","",""
"1971","iQuant","IQT","iquant","","",""
"1973","Ethereum Dark","ETHD","ethereum-dark","","",""
"1974","Propy","PRO","propy","","",""
"1975","ChainLink","LINK","chainlink","","",""
"1976","Blackmoon","BMC","blackmoon","","",""
"1979","Wi Coin","WIC","wi-coin","","",""
"1980","Elixir","ELIX","elixir","","",""
"1981","Billionaire Token","XBL","billionaire-token","","",""
"1982","Kyber Network","KNC","kyber-network","","",""
"1983","VIBE","VIBE","vibe","","",""
"1984","Substratum","SUB","substratum","","",""
"1985","Chronologic","DAY","chronologic","","",""
"1986","CHIPS","CHIPS","chips","","",""
"1987","CryptoInsight","TKR","trackr","","",""
"1988","Lampix","PIX","lampix","","",""
"1989","COSS","COSS","coss","","",""
"1990","BitDice","CSNO","bitdice","","",""
"1991","Rivetz","RVT","rivetz","","",""
"1993","Kin","KIN","kin","","",""
"1994","Interzone","ITZ","interzone","","",""
"1995","Target Coin","TGT","target-coin","","",""
"1996","SALT","SALT","salt","","",""
"1997","India Coin","INDIA","india-coin","","",""
"1998","Ormeus Coin","ORME","ormeus-coin","","",""
"1999","Kolion","KLN","kolion","","",""
"2000","Musiconomi","MCI","musiconomi","","",""
"2001","ColossusXT","COLX","colossusxt","","",""
"2002","TrezarCoin","TZC","trezarcoin","","",""
"2004","HODL Bucks","HDLB","hodl-bucks","","",""
"2005","Obsidian","ODN","obsidian","","",""
"2006","Cobinhood","COB","cobinhood","","",""
"2007","Regalcoin","REC","regalcoin","","",""
"2008","MSD","MSD","msd","","",""
"2009","Bismuth","BIS","bismuth","","",""
"2010","Cardano","ADA","cardano","","",""
"2011","Tezos (Pre-Launch)","XTZ","tezos","","",""
"2012","Voise","VOISE","voisecom","","",""
"2013","Infinity Economics","XIN","infinity-economics","","",""
"2015","ATMChain","ATM","attention-token-of-media","","",""
"2016","Macro","MCR","macro1","","",""
"2017","KickCoin","KICK","kickico","","",""
"2018","EncryptoTel [ETH]","ETT","encryptotel-eth","","",""
"2019","Viberate","VIB","viberate","","",""
"2021","RChain","RHOC","rchain","","",""
"2022","Internxt","INXT","internxt","","",""
"2024","WhaleCoin","WHL","whalecoin","","",""
"2025","FLiK","FLIK","flik","","",""
"2026","EthBet","EBET","ethbet","","",""
"2027","Cryptonex","CNX","cryptonex","","",""
"2028","Sand Coin","SND","sand-coin","","",""
"2029","Wild Crypto","WILD","wild-crypto","","",""
"2030","REAL","REAL","real","","",""
"2031","Hubii Network","HBT","hubii-network","","",""
"2032","Crystal Clear ","CCT","crystal-clear","","",""
"2033","BridgeCoin","BCO","bridgecoin","","",""
"2034","Everex","EVX","everex","","",""
"2036","PayPie","PPP","paypie","","",""
"2037","AirToken","AIR","airtoken","","",""
"2038","PoSToken","POS","postoken","","",""
"2039","Senderon","SDRN","senderon","","",""
"2040","ALIS","ALIS","alis","","",""
"2041","BitcoinZ","BTCZ","bitcoinz","","",""
"2042","HelloGold","HGT","hellogold","","",""
"2043","Cindicator","CND","cindicator","","",""
"2044","Enigma","ENG","enigma-project","","",""
"2045","Coimatic 3.0","CTIC3","coimatic-3","","",""
"2046","Bastonet","BSN","bastonet","","",""
"2047","Zeusshield","ZSC","zeusshield","","",""
"2048","Ethereum Cash","ECASH","ethereumcash","","",""
"2049","CORION","COR","corion","","",""
"2050","Swisscoin","SIC","swisscoin","","",""
"2051","Authorship","ATS","authorship","","",""
"2053","Royal Kingdom Coin","RKC","royal-kingdom-coin","","",""
"2054","Akuya Coin","AKY","akuya-coin","","",""
"2055","ExchangeN","EXN","exchangen","","",""
"2056","PiplCoin","PIPL","piplcoin","","",""
"2057","Eidoo","EDO","eidoo","","",""
"2058","AirSwap","AST","airswap","","",""
"2059","BitSoar","BSR","bitsoar","","",""
"2060","Change","CAG","change","","",""
"2061","BlockMason Credit Protocol","BCPT","blockmason","","",""
"2062","Aion","AION","aion","","",""
"2063","Tracto","TRCT","tracto","","",""
"2064","Maecenas","ART","maecenas","","",""
"2065","XGOX","XGOX","xgox","","",""
"2066","Everus","EVR","everus","","",""
"2067","Dutch Coin","DUTCH","dutch-coin","","",""
"2069","Open Trading Network","OTN","open-trading-network","","",""
"2070","DomRaider","DRT","domraider","","",""
"2071","Request Network","REQ","request-network","","",""
"2072","SegWit2x","B2X","segwit2x","","",""
"2074","Ethereum Gold","ETG","ethereum-gold","","",""
"2076","Blue Protocol","BLUE","ethereum-blue","","",""
"2077","Runners","RUNNERS","runners","","",""
"2078","LIFE","LIFE","life","","",""
"2079","Hedge","HDG","hedge","","",""
"2080","Modum","MOD","modum","","",""
"2081","Ambrosus","AMB","amber","","",""
"2082","ICOS","ICOS","icos","","",""
"2083","Bitcoin Gold","BTG","bitcoin-gold","","",""
"2087","KuCoin Shares","KCS","kucoin-shares","","",""
"2088","EXRNchain","EXRN","exrnchain","","",""
"2089","ClearPoll","POLL","clearpoll","","",""
"2090","LATOKEN","LA","latoken","","",""
"2091","Exchange Union","XUC","exchange-union","","",""
"2092","Nuls","NULS","nuls","","",""
"2093","Bitcoin Red","BTCRED","bitcoin-red","","",""
"2094","Paragon","PRG","paragon","","",""
"2095","BOScoin","BOS","boscoin","","",""
"2096","Ripio Credit Network","RCN","ripio-credit-network","","",""
"2097","Xios","XIOS","xios","","",""
"2098","Mercury Protocol","GMT","mercury-protocol","","",""
"2099","ICON","ICX","icon","","",""
"2100","JavaScript Token","JS","javascript-token","","",""
"2101","Ethereum Lite","ELITE","ethereum-lite","","",""
"2103","Intelligent Trading Foundation","ITT","intelligent-trading-foundation","","",""
"2104","iEthereum","IETH","iethereum","","",""
"2105","Pirl","PIRL","pirl","","",""
"2106","Xenon","XNN","xenon","","",""
"2107","LUXCoin","LUX","luxcoin","","",""
"2108","eREAL","EREAL","ereal","","",""
"2109","Network Token","NTWK","network-token","","",""
"2110","Dovu","DOVU","dovu","","",""
"2112","Red Pulse","RPX","red-pulse","","",""
"2114","BT2 [CST]","BT2","bt2-cst","","",""
"2115","PlayerCoin","PLACO","playercoin","","",""
"2117","Roofs","ROOFS","roofs","","",""
"2118","FAPcoin","FAP","fapcoin","","",""
"2119","BTCMoon","BTCM","btcmoon","","",""
"2120","Etherparty","FUEL","etherparty","","",""
"2122","Ellaism","ELLA","ellaism","","",""
"2123","Vulcano","VULC","vulcano","","",""
"2124","Qvolta","QVT","qvolta","","",""
"2125","Russian Miner Coin","RMC","russian-mining-coin","","",""
"2126","FlypMe","FYP","flypme","","",""
"2127","eBitcoin","EBTC","ebtcnew","","",""
"2129","Bitbase","BTBc","bitbase","","",""
"2130","Enjin Coin","ENJ","enjin-coin","","",""
"2132","Power Ledger","POWR","power-ledger","","",""
"2134","Grid+","GRID","grid","","",""
"2135","Revain","R","revain","","",""
"2136","ATLANT","ATL","atlant","","",""
"2137","Electroneum","ETN","electroneum","","",""
"2138","High Gain","HIGH","high-gain","","",""
"2139","MinexCoin","MNX","minexcoin","","",""
"2140","SONO","SONO","altcommunity-coin","","",""
"2142","FORCE","FOR","force","","",""
"2143","Streamr DATAcoin","DATA","streamr-datacoin","","",""
"2144","SHIELD","XSH","shield-xsh","","",""
"2146","Pure","PURE","pure","","",""
"2147","ELTCOIN","ELTCOIN","eltcoin","","",""
"2148","Desire","DSR","desire","","",""
"2149","Unikoin Gold","UKG","unikoin-gold","","",""
"2150","Credence Coin","CRDNC","credence-coin","","",""
"2151","Autonio","NIO","autonio","","",""
"2152","CarTaxi Token","CTX","cartaxi-token","","",""
"2153","Aeron","ARN","aeron","","",""
"2157","StarCash Network","STARS","starcash-network","","",""
"2158","Phore","PHR","phore","","",""
"2159","Farad","FRD","farad","","",""
"2160","Innova","INN","innova","","",""
"2161","Raiden Network Token","RDN","raiden-network-token","","",""
"2162","Delphy","DPY","delphy","","",""
"2163","Zephyr","ZEPH","zephyr","","",""
"2165","ERC20","ERC20","erc20","","",""
"2166","Ties.DB","TIE","tiesdb","","",""
"2167","Blockpool","BPL","blockpool","","",""
"2168","Grimcoin","GRIM","grimcoin","","",""
"2170","Oxycoin","OXY","oxycoin","","",""
"2171","Abjcoin","ABJ","abjcoin","","",""
"2172","Emphy","EPY","emphy","","",""
"2173","Interstellar Holdings","HOLD","interstellar-holdings","","",""
"2174","NEO GOLD","NEOG","neo-gold","","",""
"2175","DecentBet","DBET","decent-bet","","",""
"2176","Decision Token","HST","decision-token","","",""
"2177","Sharechain","SSS","sharechain","","",""
"2178","Upfiring","UFR","upfiring","","",""
"2179","Hat.Exchange","HAT","hat-exchange","","",""
"2180","bitJob","STU","student-coin","","",""
"2181","Genesis Vision","GVT","genesis-vision","","",""
"2182","EagleCoin","EAGLE","eaglecoin","","",""
"2183","EA Coin","EAG","ea-coin","","",""
"2184","Privatix","PRIX","privatix","","",""
"2185","IntenseCoin","ITNS","intensecoin","","",""
"2186","PlusCoin","PLC","pluscoin","","",""
"2187","EBCH","EBCH","ebitcoin-cash","","",""
"2189","SISA","SISA","sisa","","",""
"2190","Astro","ASTRO","astro","","",""
"2191","Paypex","PAYX","paypex","","",""
"2192","GOLD Reward Token","GRX","gold-reward-token","","",""
"2193","Aerium","AERM","aerium","","",""
"2194","BitSerial","BTE","bitserial","","",""
"2196","Sugar Exchange","SGR","sugar-exchange","","",""
"2198","Viuly","VIU","viuly","","",""
"2199","ALQO","ALQO","alqo","","",""
"2200","GoByte","GBX","gobyte","","",""
"2201","WINCOIN","WC","win-coin","","",""
"2202","Oyster","PRL","oyster","","",""
"2204","B2BX","B2B","b2bx","","",""
"2205","Phantomx","PNX","phantomx","","",""
"2206","Copico","XCPO","copico","","",""
"2207","DigiPulse","DGPT","digipulse","","",""
"2208","EncrypGen","DNA","encrypgen","","",""
"2209","Ink","INK","ink","","",""
"2211","Bodhi","BOT","bodhi","","",""
"2212","Quantstamp","QSP","quantstamp","","",""
"2213","QASH","QASH","qash","","",""
"2214","ZoZoCoin","ZZC","zozocoin","","",""
"2215","Energo","TSL","energo","","",""
"2217","Publica","PBL","publica","","",""
"2218","Magnet","MAG","magnet","","",""
"2219","SpankChain","SPANK","spankchain","","",""
"2221","VoteCoin","VOT","votecoin","","",""
"2222","Bitcoin Diamond","BCD","bitcoin-diamond","","",""
"2223","BLOCKv","VEE","blockv","","",""
"2224","POLY AI","AI","poly-ai","","",""
"2225","Accelerator Network","ACC","accelerator-network","","",""
"2228","PlexCoin","PLX","plexcoin","","",""
"2229","Divi","DIVX","divi","","",""
"2230","Monkey Project","MONK","monkey-project","","",""
"2231","Flixxo","FLIXX","flixxo","","",""
"2232","GlassCoin","GLS","glasscoin","","",""
"2234","ANRYZE","RYZ","anryze","","",""
"2235","Time New Bank","TNB","time-new-bank","","",""
"2236","MyWish","WISH","mywish","","",""
"2237","EventChain","EVC","eventchain","","",""
"2239","ETHLend","LEND","ethlend","","",""
"2240","onG.social","ONG","ongsocial","","",""
"2241","Ccore","CCO","ccore","","",""
"2242","Qbao","QBT","qbao","","",""
"2243","Dragonchain","DRGN","dragonchain","","",""
"2244","Payfair","PFR","payfair","","",""
"2245","Presearch","PRE","presearch","","",""
"2246","CyberMiles","CMT","cybermiles","","",""
"2247","BlockCDN","BCDN","blockcdn","","",""
"2248","Cappasity","CAPP","cappasity","","",""
"2249","Eroscoin","ERO","eroscoin","","",""
"2250","MagicCoin","MAGE","magiccoin","","",""
"2251","IoT Chain","ITC","iot-chain","","",""
"2253","Jiyo","JIYO","jiyo","","",""
"2255","Social Send","SEND","social-send","","",""
"2256","Bonpay","BON","bonpay","","",""
"2257","Nekonium","NUKO","nekonium","","",""
"2258","Snovio","SNOV","snovio","","",""
"2259","StrikeBitClub","SBC","strikebitclub","","",""
"2260","Bulwark","BWK","bulwark","","",""
"2261","SagaCoin","SAGA","sagacoin","","",""
"2262","COMSA [ETH]","CMS","comsa-eth","","",""
"2263","Kubera Coin","KBR","kubera-coin","","",""
"2264","Tokugawa","TOK","tokugawa","","",""
"2265","Pioneer Coin","PCOIN","pioneer-coin","","",""
"2266","COMSA [XEM]","CMS","comsa-xem","","",""
"2267","WaBi","WABI","wabi","","",""
"2268","CrowdCoin","CRC","crowdcoin","","",""
"2269","WandX","WAND","wandx","","",""
"2270","SportyCo","SPF","sportyco","","",""
"2271","Verify","CRED","verify","","",""
"2272","Soma","SCT","soma","","",""
"2273","Uquid Coin","UQC","uquid-coin","","",""
"2274","MediShares","MDS","medishares","","",""
"2275","ProChain","PRA","prochain","","",""
"2276","Ignis","IGNIS","ignis","","",""
"2277","SmartMesh","SMT","smartmesh","","",""
"2278","HollyWoodCoin","HWC","hollywoodcoin","","",""
"2279","Playkey","PKT","playkey","","",""
"2280","Filecoin [Futures]","FIL","filecoin","","",""
"2281","BitcoinX","BCX","bitcoinx","","",""
"2282","Super Bitcoin","SBTC","super-bitcoin","","",""
"2283","Datum","DAT","datum","","",""
"2284","Trident Group","TRDT","trident","","",""
"2285","Bitair","BTCA","bitair","","",""
"2286","MicroMoney","AMM","micromoney","","",""
"2287","LockTrip","LOC","lockchain","","",""
"2288","Worldcore","WRC","worldcore","","",""
"2289","Gifto","GTO","gifto","","",""
"2290","YENTEN","YTN","yenten","","",""
"2291","Genaro Network","GNX","genaro-network","","",""
"2292","DavorCoin","DAV","davorcoin","","",""
"2293","United Bitcoin","UBTC","united-bitcoin","","",""
"2295","Starbase","STAR","starbase","","",""
"2296","OST","OST","ost","","",""
"2297","Storm","STORM","storm","","",""
"2298","Dynamic Trading Rights","DTR","dynamic-trading-rights","","",""
"2299","aelf","ELF","aelf","","",""
"2300","WAX","WAX","wax","","",""
"2303","MediBloc","MED","medibloc","","",""
"2304","DEW","DEW","dew","","",""
"2305","NAGA","NGC","naga","","",""
"2306","Bread","BRD","bread","","",""
"2307","Bibox Token","BIX","bibox-token","","",""
"2308","Dai","DAI","dai","","",""
"2309","SophiaTX","SPHTX","sophiatx","","",""
"2310","Bounty0x","BNTY","bounty0x","","",""
"2311","Ace","ACE","ace","","",""
"2312","DIMCOIN","DIM","dimcoin","","",""
"2313","SIRIN LABS Token","SRN","sirin-labs-token","","",""
"2314","Cryptopay","CPAY","cryptopay","","",""
"2315","HTMLCOIN","HTML","html-coin","","",""
"2316","DeepBrain Chain","DBC","deepbrain-chain","","",""
"2317","HomeBlockCoin","HBC","homeblockcoin","","",""
"2318","Neumark","NEU","neumark","","",""
"2320","UTRUST","UTK","utrust","","",""
"2321","QLINK","QLC","qlink","","",""
"2322","Farstcoin","FRCT","farstcoin","","",""
"2323","HEROcoin","PLAY","herocoin","","",""
"2324","BigONE Token","BIG","bigone-token","","",""
"2325","Matryx","MTX","matryx","","",""
"2326","Madcoin","MDC","madcoin","","",""
"2327","Olympus Labs","MOT","olympus-labs","","",""
"2329","Hyper Pay","HPY","hyper-pay","","",""
"2330","Pylon Network","PYLNT","pylon-network","","",""
"2331","ENTCash","ENT","entcash","","",""
"2332","STRAKS","STAK","straks","","",""
"2333","FidentiaX","FDX","fidentiax","","",""
"2334","BitClave","CAT","bitclave","","",""
"2335","Lightning Bitcoin","LBTC","lightning-bitcoin","","",""
"2336","Game.com","GTC","game","","",""
"2337","Lamden","TAU","lamden","","",""
"2338","Escroco","ESC","escoro","","",""
"2340","Bloom","BLT","bloomtoken","","",""
"2341","SwftCoin","SWFTC","swftcoin","","",""
"2342","Covesting","COV","covesting","","",""
"2343","CanYaCoin","CAN","canyacoin","","",""
"2344","AppCoins","APPC","appcoins","","",""
"2345","High Performance Blockchain","HPB","high-performance-blockchain","","",""
"2346","WaykiChain","WICC","waykichain","","",""
"2347","NumusCash","NUMUS","numuscash","","",""
"2348","Measurable Data Token","MDT","measurable-data-token","","",""
"2349","Mixin","XIN","mixin","","",""
"2350","GameChain System","GCS","gamechain","","",""
"2351","Numus","NMS","numus","","",""
"2352","Coinlancer","CL","coinlancer","","",""
"2353","CryptopiaFeeShares","CEFS","cryptopiafeeshares","","",""
"2354","GET Protocol","GET","get-protocol","","",""
"2355","OP Coin","OPC","op-coin","","",""
"2356","CFun","CFUN","cfun","","",""
"2357","AI Doctor","AIDOC","aidoc","","",""
"2358","Content and AD Network","CAN","content-and-ad-network","","",""
"2359","Polis","POLIS","polis","","",""
"2360","Hacken","HKN","hacken","","",""
"2361","Show","SHOW","show","","",""
"2362","Steneum Coin","STN","steneum-coin","","",""
"2363","Zap","ZAP","zap","","",""
"2364","TokenClub","TCT","tokenclub","","",""
"2366","FairGame","FAIR","fairgame","","",""
"2367","Aigang","AIX","aigang","","",""
"2368","REBL","REBL","rebl","","",""
"2369","INS Ecosystem","INS","ins-ecosystem","","",""
"2370","Bitcoin God","GOD","bitcoin-god","","",""
"2371","United Traders Token","UTT","uttoken","","",""
"2372","Commodity Ad Network","CDX","commodity-ad-network","","",""
"2373","Trade Token","TIO","trade-token","","",""
"2374","BitDegree","BDG","bitdegree","","",""
"2375","QunQun","QUN","qunqun","","",""
"2376","TopChain","TOPC","topchain","","",""
"2377","Leverj","LEV","leverj","","",""
"2378","Karma","KRM","karma","","",""
"2379","Kcash","KCASH","kcash","","",""
"2380","ATN","ATN","atn","","",""
"2381","Spectre.ai Dividend Token","SXDT","spectre-dividend","","",""
"2382","Spectre.ai Utility Token","SXUT","spectre-utility","","",""
"2383","Jingtum Tech","SWTC","jingtum-tech","","",""
"2384","Vezt","VZT","vezt","","",""
"2385","Cloud","CLD","cloud","","",""
"2386","United Crypto Community","UCOM","ucom","","",""
"2387","Bitcoin Atom","BCA","bitcoin-atom","","",""
"2389","ugChain","UGC","ugchain","","",""
"2390","Bankex","BKX","bankex","","",""
"2391","EchoLink","EKO","echolink","","",""
"2392","Bottos","BTO","bottos","","",""
"2393","AWARE","AWR","aware","","",""
"2394","Telcoin","TEL","telcoin","","",""
"2395","Ignition","IC","ignition","","",""
"2396","WETH","WETH","weth","","",""
"2397","Hackspace Capital","HAC","hackspace-capital","","",""
"2398","Selfkey","KEY","selfkey","","",""
"2399","Internet Node Token","INT","internet-node-token","","",""
"2400","OneRoot Network","RNT","oneroot-network","","",""
"2401","Global Jobcoin","GJC","global-jobcoin","","",""
"2402","Sense","SENSE","sense","","",""
"2403","MOAC","MOAC","moac","","",""
"2404","TOKYO","TOKC","tokyo","","",""
"2405","IOST","IOST","iostoken","","",""
"2406","InvestDigital","IDT","investdigital","","",""
"2407","AICHAIN","AIT","aichain","","",""
"2408","Qube","QUBE","qube","","",""
"2409","EtherDelta Token","EDT","etherdelta-token","","",""
"2410","SpaceChain","SPC","spacechain","","",""
"2411","Galactrum","ORE","galactrum","","",""
"2412","Harvest Masternode Coin","HC","harvest-masternode-coin","","",""
"2413","Ethorse","HORSE","ethorse","","",""
"2414","RealChain","RCT","realchain","","",""
"2415","ArbitrageCT","ARCT","arbitragect","","",""
"2416","Theta Token","THETA","theta-token","","",""
"2418","Maverick Chain","MVC","maverick-chain","","",""
"2419","Profile Utility Token","PUT","profile-utility-token","","",""
"2420","Nitro","NOX","nitro","","",""
"2421","InsurePal","IPL","insurepal","","",""
"2422","IDEX Membership","IDXM","idex-membership","","",""
"2423","Aurora DAO","AURA","aurora-dao","","",""
"2424","SingularityNET","AGI","singularitynet","","",""
"2425","Gatcoin","GAT","gatcoin","","",""
"2426","ShareX","SEXC","sharex","","",""
"2427","ChatCoin","CHAT","chatcoin","","",""
"2428","Scry.info","DDD","scryinfo","","",""
"2429","Mobius","MOBI","mobius","","",""
"2430","Hydro Protocol","HOT","hydro-protocol","","",""
"2431","Titanium Blockchain","BAR","titanium-blockchain","","",""
"2432","StarChain","STC","starchain","","",""
"2433","IPChain","IPC","ipchain","","",""
"2434","Maggie","MAG","maggie","","",""
"2435","LightChain","LIGHT","lightchain","","",""
"2436","RefToken","REF","reftoken","","",""
"2437","YEE","YEE","yee","","",""
"2438","Acute Angle Cloud","AAC","acute-angle-cloud","","",""
"2439","SelfSell","SSC","selfsell","","",""
"2440","Read","READ","read","","",""
"2441","Molecular Future","MOF","molecular-future","","",""
"2443","Trinity Network Credit","TNC","trinity-network-credit","","",""
"2444","CRYPTO20","C20","c20","","",""
"2445","Block Array","ARY","block-array","","",""
"2446","DATA","DTA","data","","",""
"2447","Crypterium","CRPT","crypterium","","",""
"2448","Sparks","SPK","sparks","","",""
"2450","carVertical","CV","carvertical","","",""
"2452","Tokenbox","TBX","tokenbox","","",""
"2453","EDUCare","EKT","educare","","",""
"2454","UnlimitedIP","UIP","unlimitedip","","",""
"2455","PressOne","PRS","pressone","","",""
"2456","OFCOIN","OF","ofcoin","","",""
"2457","True Chain","TRUE","true-chain","","",""
"2458","Odyssey","OCN","odyssey","","",""
"2459","indaHash","IDH","indahash","","",""
"2460","Qbic","QBIC","qbic","","",""
"2461","Peerguess","GUESS","guess","","",""
"2462","AidCoin","AID","aidcoin","","",""
"2464","Devery","EVE","devery","","",""
"2465","Blockport","BPT","blockport","","",""
"2466","aXpire","AXP","axpire","","",""
"2467","OriginTrail","TRAC","origintrail","","",""
"2468","LinkEye","LET","linkeye","","",""
"2469","Zilliqa","ZIL","zilliqa","","",""
"2470","CoinMeet","MEET","coinmeet","","",""
"2471","Smartlands","SLT","smartlands","","",""
"2472","Fortuna","FOTA","fortuna","","",""
"2473","All Sports","SOC","all-sports","","",""
"2474","Matrix AI Network","MAN","matrix-ai-network","","",""
"2475","Garlicoin","GRLC","garlicoin","","",""
"2476","Ruff","RUFF","ruff","","",""
"2477","Nework","NKC","nework","","",""
"2478","CoinFi","COFI","coinfi","","",""
"2479","Equal","EQL","equal","","",""
"2480","HalalChain","HLC","halalchain","","",""
"2481","Zeepin","ZPT","zeepin","","",""
"2482","CPChain","CPC","cpchain","","",""
"2483","OceanChain","OC","oceanchain","","",""
"2484","Hi Mutual Society","HMC","hi-mutual-society","","",""
"2485","Candy","CANDY","candy","","",""
"2486","Speed Mining Service","SMS","speed-mining-service","","",""
"2487","Electronic PK Chain","EPC","electronic-pk-chain","","",""
"2488","ValueChain","VLC","valuechain","","",""
"2489","BitWhite","BTW","bitwhite","","",""
"2490","CargoX","CXO","cargox","","",""
"2491","Travelflex","TRF","travelflex","","",""
"2492","Elastos","ELA","elastos","","",""
"2493","STK","STK","stk","","",""
"2495","Pareto Network","PARETO","pareto-network","","",""
"2496","Polymath","POLY","polymath-network","","",""
"2497","Medicalchain","MTN","medical-chain","","",""
"2498","Jibrel Network","JNT","jibrel-network","","",""
"2499","SwissBorg","CHSB","swissborg","","",""
"2500","Zilla","ZLA","zilla","","",""
"2501","adbank","ADB","adbank","","",""
"2502","Huobi Token","HT","huobi-token","","",""
"2503","DMarket","DMT","dmarket","","",""
"2504","Iungo","ING","iungo","","",""
"2505","Bluzelle","BLZ","bluzelle","","",""
"2506","Swarm","SWM","swarm-fund","","",""
"2507","THEKEY","TKY","thekey","","",""
"2508","DCORP Utility","DRPU","drp-utility","","",""
"2509","EtherSportz","ESZ","ethersportz","","",""
"2510","Datawallet","DXT","datawallet","","",""
"2511","WePower","WPR","wepower","","",""
"2512","U.CASH","UCASH","ucash","","",""
"2513","GoldMint","MNTP","goldmint","","",""
"2514","Shekel","JEW","shekel","","",""
"2515","ACChain","ACC","acchain","","",""
"2516","MktCoin","MLM","mktcoin","","",""
"2517","Animation Vision Cash","AVH","animation-vision-cash","","",""
"2518","LOCIcoin","LOCI","locicoin","","",""
"2519","Indicoin","INDI","indicoin","","",""
"2520","Jesus Coin","JC","jesus-coin","","",""
"2521","BioCoin","BIO","biocoin","","",""
"2522","Superior Coin","SUP","superior-coin","","",""
"2523","Tigereum","TIG","tigereum","","",""
"2524","Universa","UTNP","universa","","",""
"2525","Alphacat","ACAT","alphacat","","",""
"2526","Envion","EVN","envion","","",""
"2527","SureRemit","RMT","sureremit","","",""
"2528","Dether","DTH","dether","","",""
"2529","Cashaa","CAS","cashaa","","",""
"2530","Fusion","FSN","fusion","","",""
"2531","W3Coin","W3C","w3coin","","",""
"2532","Etherecash","ECH","etherecash","","",""
"2533","Restart Energy MWAT","MWAT","restart-energy-mwat","","",""
"2534","Gladius Token","GLA","gladius-token","","",""
"2535","DADI","DADI","dadi","","",""
"2536","Neurotoken","NTK","neurotoken","","",""
"2537","Gems ","GEM","gems-protocol","","",""
"2538","Nectar","NEC","nectar","","",""
"2539","Republic Protocol","REN","republic-protocol","","",""
"2540","Litecoin Cash","LCC","litecoin-cash","","",""
"2541","Storiqa","STQ","storiqa","","",""
"2542","Tidex Token","TDX","tidex-token","","",""
"2543","COPYTRACK","CPY","copytrack","","",""
"2544","Nucleus Vision","NCASH","nucleus-vision","","",""
"2545","Arcblock","ABT","arcblock","","",""
"2546","Remme","REM","remme","","",""
"2547","Experty","EXY","experty","","",""
"2548","POA Network","POA","poa-network","","",""
"2549","Ink Protocol","XNK","ink-protocol","","",""
"2550","Rock","RKT","rock","","",""
"2551","Bezop","BEZ","bezop","","",""
"2552","IHT Real Estate Protocol","IHT","iht-real-estate-protocol","","",""
"2553","Refereum","RFR","refereum","","",""
"2554","Lympo","LYM","lympo","","",""
"2555","Sether","SETH","sether","","",""
"2556","Credits","CS","credits","","",""
"2557","Bee Token","BEE","bee-token","","",""
"2558","Insights Network","INSTAR","insights-network","","",""
"2559","Cube","AUTO","cube","","",""
"2560","EZToken","EZT","eztoken","","",""
"2561","BitTube","TUBE","bit-tube","","",""
"2562","Education Ecosystem","LEDU","education-ecosystem","","",""
"2563","TrueUSD","TUSD","trueusd","","",""
"2564","HOQU","HQX","hoqu","","",""
"2565","StarterCoin","STAC","startercoin","","",""
"2566","Ontology","ONT","ontology","","",""
"2567","DATx","DATX","datx","","",""
"2568","JET8","J8T","jet8","","",""
"2569","CoinPoker","CHP","coinpoker","","",""
"2570","TomoChain","TOMO","tomochain","","",""
"2571","Graft","GRFT","graft","","",""
"2572","BABB","BAX","babb","","",""
"2573","Electrify.Asia","ELEC","electrifyasia","","",""
"2575","Bitcoin Private","BTCP","bitcoin-private","","",""
"2576","Tokenomy","TEN","tokenomy","","",""
"2577","Ravencoin","RVN","ravencoin","","",""
"2578","TE-FOOD","TFD","te-food","","",""
"2579","ShipChain","SHIP","shipchain","","",""
"2580","Leadcoin","LDC","leadcoin","","",""
"2581","Sharpe Platform Token","SHP","sharpe-platform-token","","",""
"2582","LALA World","LALA","lala-world","","",""
"2583","Octoin Coin","OCC","octoin-coin","","",""
"2584","Debitum","DEB","debitum-network","","",""
"2585","Centrality","CENNZ","centrality","","",""
"2586","Havven","HAV","havven","","",""
"2587","Fluz Fluz","FLUZ","fluz-fluz","","",""
"2588","Loom Network","LOOM","loom-network","","",""
"2589","Guaranteed Ethurance Token Extra","GETX","guaranteed-ethurance-token-extra","","",""
"2590","HireMatch","HIRE","hirematch","","",""
"2591","Dropil","DROP","dropil","","",""
"2592","Banca","BANCA","banca","","",""
"2593","Dragon Coins","DRG","dragon-coins","","",""
"2594","LatiumX","LATX","latiumx","","",""
"2595","NANJCOIN","NANJ","nanjcoin","","",""
"2596","CK USD","CKUSD","ckusd","","",""
"2597","UpToken","UP","uptoken","","",""
"2598","Banyan Network","BBN","banyan-network","","",""
"2599","Noah Coin","NOAH","noah-coin","","",""
"2600","Legolas Exchange","LGO","legolas-exchange","","",""
"2601","1World","1WO","1world","","",""
"2602","NaPoleonX","NPX","napoleonx","","",""
"2603","Pundi X","NPXS","pundi-x","","",""
"2604","Bitcoin Green","BITG","bitcoin-green","","",""
"2605","BnkToTheFuture","BFT","bnktothefuture","","",""
"2606","Wanchain","WAN","wanchain","","",""
"2607","AMLT","AMLT","amlt","","",""
"2608","Mithril","MITH","mithril","","",""
"2609","Lendroid Support Token","LST","lendroid-support-token","","",""
"2610","Peculium","PCL","peculium","","",""
"2611","Spectiv","SIG","signal-token","","",""
"2612","BitRent","RNTB","bitrent","","",""
"2613","Titanium BAR","TBAR","titanium-bar","","",""
"2614","BlitzPredict","XBP","blitzpredict","","",""
"2615","Blocklancer","LNC","blocklancer","","",""
"2616","Stipend","SPD","stipend","","",""
"2617","IP Exchange","IPSX","ip-exchange","","",""
"2618","StockChain","SCC","stockchain","","",""
"2619","BitStation","BSTN","bitstation","","",""
"2620","Switcheo","SWTH","switcheo","","",""
"2621","Consensus","SEN","consensus","","",""
"2622","ClearCoin","CLR","clearcoin","","",""
"2624","Sentinel Chain","SENC","sentinel-chain","","",""
"2625","Vice Industry Token","VIT","vice-industry-token","","",""
"2626","Friendz","FDZ","friends","","",""
"2627","TokenPay","TPAY","tokenpay","","",""
"2628","Rentberry","BERRY","rentberry","","",""
"2629","Stellite","XTL","stellite","","",""
"2630","PolySwarm","NCT","polyswarm","","",""
"2631","ODEM","ODE","odem","","",""
"2632","Monero Original","XMO","monero-original","","",""
"2633","Stakenet","XSN","stakenet","","",""
"2634","XinFin Network","XDCE","xinfin-network","","",""
"2635","TokenDesk","TDS","tokendesk","","",""
"2636","BelugaPay","BBI","belugapay","","",""
"2637","Fidelium","FID","fidelium","","",""
"2638","Cortex","CTXC","cortex","","",""
"2639","Arbitracoin","ATC","arbitracoin","","",""
"2640","WCOIN","WIN","wawllet","","",""
"2641","Apex","CPX","apex","","",""
"2642","CyberVein","CVT","cybervein","","",""
"2643","Sentinel","SENT","sentinel","","",""
"2644","eosDAC","EOSDAC","eosdac","","",""
"2645","U Network","UUU","u-network","","",""
"2646","AdHive","ADH","adhive","","",""
"2647","SnipCoin","SNIP","snipcoin","","",""
"2648","Bitsum","BSM","bitsum","","",""
"2649","DeviantCoin","DEV","deviantcoin","","",""
"2650","CommerceBlock","CBT","commerceblock","","",""
"2651","GreenMed","GRMD","greenmed","","",""
"2652","Curriculum Vitae","CVH","curriculum-vitae","","",""
"2653","Auctus","AUC","auctus","","",""
"2654","Budbo","BUBO","budbo","","",""
"2655","Monero Classic","XMC","monero-classic","","",""
"2656","Daneel","DAN","daneel","","",""
"2657","BrahmaOS","BRM","brahmaos","","",""
"2658","SyncFab","MFG","syncfab","","",""
"2659","Dignity","DIG","dignity","","",""
"2660","Aditus","ADI","aditus","","",""
"2661","Tripio","TRIO","tripio","","",""
"2662","Haven Protocol","XHV","haven-protocol","","",""
"2663","StarCoin","KST","starcointv","","",""
"2664","CryCash","CRC","crycash","","",""
"2665","Dero","DERO","dero","","",""
"2666","Effect.AI","EFX","effect-ai","","",""
"2667","FintruX Network","FTX","fintrux-network","","",""
"2668","Earth Token","EARTH","earth-token","","",""
"2669","MARK.SPACE","MRK","mark-space","","",""
"2670","Pixie Coin","PXC","pixie-coin","","",""
"2671","Cropcoin","CROP","cropcoin","","",""
"2672","SRCOIN","SRCOIN","srcoin","","",""
"2673","Chainium","CHX","chainium","","",""
"2674","Masari","MSR","masari","","",""
"2675","Dock","DOCK","dock","","",""
"2676","PHI Token","PHI","phi-token","","",""
"2677","Linker Coin","LNC","linker-coin","","",""
"2678","TraDove B2BCoin","BBC","b2bcoin","","",""
"2679","Decentralized Machine Learning","DML","decentralized-machine-learning","","",""
"2680","Helbiz","HBZ","helbiz","","",""
"2681","Origami","ORI","origami","","",""
"2682","Holo","HOT","holo","","",""
"2683","TrakInvest","TRAK","trakinvest","","",""
"2684","Aphelion","APH","aphelion","","",""
"2685","Zebi","ZCO","zebi","","",""
"2686","Lendingblock","LND","lendingblock","","",""
"2687","Proxeus","XES","proxeus","","",""
"2688","Vipstar Coin","VIPS","vipstar-coin","","",""
"2689","Rublix","RBLX","rublix","","",""
"2690","Biotron","BTRN","biotron","","",""
"2691","Penta","PNT","penta","","",""
"2692","Nebula AI","NBAI","nebula-ai","","",""
"2693","Loopring [NEO]","LRN","loopring-neo","","",""
"2694","Nexo","NEXO","nexo","","",""
"2695","VeriME","VME","verime","","",""
"2696","DAEX","DAX","daex","","",""
"2697","Hade Platform","HADE","hade-platform","","",""
"2698","Hydrogen","HYDRO","hydrogen","","",""
"2699","Sharder","SS","sharder","","",""
"2701","TrustNote","TTT","trustnote","","",""
"2702","Bitcoin Interest","BCI","bitcoin-interest","","",""
"2703","BetterBetting","BETR","betterbetting","","",""
"2704","Transcodium","TNS","transcodium","","",""
"2705","Amon","AMN","amon","","",""
"2706","Plancoin","PLAN","plancoin","","",""
"2708","Crowd Machine","CMCT","crowd-machine","","",""
"2709","Morpheus Labs","MITX","morpheus-labs","","",""
"2710","Live Stars","LIVE","live-stars","","",""
"2711","Docademic","MTC","docademic","","",""
"2712","MyToken","MT","mytoken","","",""
"2713","KEY","KEY","key","","",""
"2714","Nexty","NTY","nexty","","",""
"2715","ConnectJob","CJT","connectjob","","",""
"2717","BoutsPro","BOUTS","boutspro","","",""
"2718","PolicyPal Network","PAL","policypal-network","","",""
"2719","Cybereits","CRE","cybereits","","",""
"2720","Parkgene","GENE","parkgene","","",""
"2721","APR Coin","APR","apr-coin","","",""
"2722","AC3","AC3","ac3","","",""
"2723","FuzeX","FXT","fuzex","","",""
"2724","Zippie","ZIPT","zippie","","",""
"2725","Skrumble Network","SKM","skrumble-network","","",""
"2726","DAOstack","GEN","daostack","","",""
"2727","Bezant","BZNT","bezant","","",""
"2729","TokenStars","TEAM","tokenstars","","",""
"2730","Fitrova","FRV","fitrova","","",""
"2731","Utrum","OOT","utrum","","",""
"2732","Aston","ATX","aston","","",""
"2733","Freyrchain","FREC","freyrchain","","",""
"2734","EduCoin","EDU","edu-coin","","",""
"2735","Content Neutrality Network","CNN","content-neutrality-network","","",""
"2736","InsurChain","INSUR","insurchain","","",""
"2737","Global Social Chain","GSC","global-social-chain","","",""
"2738","Super Game Chain","SGCC","super-game-chain","","",""
"2739","Digix Gold Token","DGX","digix-gold-token","","",""
"2740","Influence Chain","INC","influence-chain","","",""
"2741","Intelligent Investment Chain","IIC","intelligent-investment-chain","","",""
"2742","Sakura Bloom","SKB","sakura-bloom","","",""
"2743","Bank Coin","BANK","bank-coin","","",""
"2744","NPER","NPER","nper","","",""
"2746","Dascoin","DASC","dascoin","","",""
"2747","BlockMesh","BMH","blockmesh","","",""
"2748","Loki","LOKI","loki","","",""
"2749","Signals Network","SGN","signals-network","","",""
"2750","Oyster Shell","SHL","oyster-shell","","",""
"2751","FundRequest","FND","fundrequest","","",""
"2752","Datarius Credit","DTRC","datarius-credit","","",""
"2753","Colu Local Network","CLN","colu-local-network","","",""
"2754","HeroNode","HER","heronode","","",""
"2755","Hero","HERO","hero","","",""
"2756","Tokia","TKA","tokia","","",""
"2757","Callisto Network","CLO","callisto-network","","",""
"2758","Unibright","UBT","unibright","","",""
"2759","Patron","PAT","patron","","",""
"2760","Libra Credit","LBA","libra-credit","","",""
"2761","Local World Forwarders","LWF","local-world-forwarders","","",""
"2762","Open Platform","OPEN","open-platform","","",""
"2763","Morpheus Network","MORPH","morpheus-network","","",""
"2764","Silent Notary","SNTR","silent-notary","","",""
"2765","XYO Network","XYO","xyo-network","","",""
"2766","Cryptaur","CPT","cryptaur","","",""
"2767","APIS","APIS","apis","","",""
"2768","Fabric Token","FT","fabric-token","","",""
"2769","Rhenium","XRH","rhenium","","",""
"2770","Cazcoin","CAZ","cazcoin","","",""
"2771","RED","RED","red","","",""
"2772","Digitex Futures","DGTX","digitex-futures","","",""
"2773","GINcoin","GIN","gincoin","","",""
"2774","Invacio","INV","invacio","","",""
"2775","Faceter","FACE","faceter","","",""
"2776","Travala","AVA","travala","","",""
"2777","IoTeX","IOTX","iotex","","",""
"2778","Eximchain","EXC","eximchain","","",""
"2779","Level Up Coin","LUC","level-up","","",""
"2780","NKN","NKN","nkn","","",""
"2825","Naviaddress","NAVI","naviaddress","","",""
"2826","ZIP","ZIP","zip","","",""
"2827","Phantasma","SOUL","phantasma","","",""
"2828","SPINDLE","SPD","spindle","","",""
"2829","REPO","REPO","repo","","",""
"2830","Seele","SEELE","seele","","",""
"2831","EJOY","EJOY","ejoy","","",""
"2833","Ivy","IVY","ivy","","",""
"2834","ContractNet","CNET","contractnet","","",""
"2835","Endor Protocol","EDR","endor-protocol","","",""
"2836","Bigbom","BBO","bigbom","","",""
"2837","0xBitcoin","0xBTC","0xbtc","","",""
"2838","PCHAIN","PAI","pchain","","",""
"2839","Shopin","SHOP","shopin","","",""
"2840","QuarkChain","QKC","quarkchain","","",""
"2841","LoyalCoin","LYL","loyalcoin","","",""
"2842","Bankera","BNK","bankera","","",""
"2843","Ether Zero","ETZ","ether-zero","","",""
